overlap_count,pixel_count,percentage
1,551,69.22110552763819
2,172,21.608040201005025
3,67,8.417085427135678
4,6,0.7537688442211055
