overlap_count,pixel_count,percentage
1,102,45.535714285714285
2,122,54.46428571428571
