overlap_count,pixel_count,percentage
1,529,48.354661791590495
2,284,25.95978062157221
3,207,18.921389396709323
4,58,5.301645338208409
5,14,1.2797074954296161
6,2,0.18281535648994515
