overlap_count,pixel_count,percentage
1,624,90.82969432314411
2,63,9.170305676855897
