overlap_count,pixel_count,percentage
1,511,66.53645833333334
2,205,26.692708333333332
3,52,6.770833333333333
