overlap_count,pixel_count,percentage
1,261,62.29116945107399
2,80,19.09307875894988
3,65,15.513126491646778
4,13,3.1026252983293556
