overlap_count,pixel_count,percentage
1,510,60.28368794326241
2,240,28.368794326241137
3,96,11.347517730496454
