overlap_count,pixel_count,percentage
1,342,97.1590909090909
2,10,2.840909090909091
